(19, 11);'https://conservativememes.com/i/when-you-run-out-of-christmas-wrapping-paper-hap-pbirtho-d174e5f439d2494bab9e905cf199d0cb'
(20, 11);'https://me.me/i/my-dogs-favourite-toy-is-santa-so-we-brought-her-faa16b7cf06a47a6a0e24e61497918ea'
(21, 11);'https://giphy.com/gifs/photoset-american-horror-story-ahs-2WcZzkFprBJHW/fullscreen'
(22, 11);'https://me.me/i/christmas-tip-wrap-empty-boxes-and-put-them-under-the-d2fbdfb8147f4174abdc219d09bfca6d'
(23, 11);'https://giphy.com/gifs/photoset-american-horror-story-ahs-2WcZzkFprBJHW/fullscreen'
(24, 11);'https://giphy.com/gifs/theitcrowd-funny-crowd-2zoFg7OGkcS82CPK44/fullscreen'
(25, 11);'https://www.dumpert.nl/item/7381961_b733e02c?kudtcookiewet=jakapmetzeuren&kudtcookiernd=738864160831'
(26, 11);'https://ifunny.co/video/dqIt00g67'
(27, 11);'https://www.youtube.com/watch?v=RV6aLIQgmYg'
(28, 11);'https://giphy.com/gifs/technology-DXkL8z8QWHfuU/fullscreen'
(29, 11);'https://www.youtube.com/watch?v=u8o8sMlh3zA'
(30, 11);'https://giphy.com/gifs/tea-trex-loof-and-timmy-MeCyHmilLHIjWPcpWV/fullscreen'
(1, 12);'https://www.youtube.com/watch?v=Sy4rk54LlW0'
(2, 12);'https://www.youtube.com/watch?v=baeLNwxPqSY'
(3, 12);'https://preview.redd.it/x7ma3krl36u21.jpg?width=591&auto=webp&s=b6871a2e620d5665d43577890e861c2c2ec89b6b'
(4, 12);'https://www.youtube.com/watch?v=axOPKmLcriY'
(5, 12);'https://i.pinimg.com/originals/a5/bf/7a/a5bf7adb850a2e41d1799aa2e8c273b2.jpg'
(6, 12);'https://www.youtube.com/watch?v=h0KQLxrBp74'
(7, 12);'https://static.boredpanda.com/blog/wp-content/uploads/2019/09/animals-photography-dick-van-dujin-80-5d77871281a3e__700.jp'
(8, 12);'https://i.kym-cdn.com/photos/images/facebook/000/916/117/4d0.jpg'
(9, 12);'https://i.imgflip.com/1yshjw.jpg'
(10, 12);'https://giphy.com/gifs/john-wayne-JyW51lx5XMDgQ/fullscreen'
(11, 12);'http://www.quickmeme.com/meme/3si8fw'
(12, 12);'https://me.me/i/so-this-year-we-bought-a-20-ft-christmas-tree-6158998'
(13, 12);'https://www.youtube.com/watch?v=6AYv6rV3NXE'
(14, 12);'https://www.youtube.com/watch?v=YlaWGd1cUms'
(15, 12);'https://pics.me.me/german-vs-english-du-you-dich-you-dir-you-sie-13875701.png'
(16, 12);'https://www.youtube.com/watch?v=dJp0KjxvNiQ'
(17, 12);'https://giphy.com/gifs/bjVK2LVApXz68/fullscreen'
(18, 12);'https://giphy.com/gifs/sainsburys-reaction-christmas-xmas-5kFM2dEV8RCgGYDDUF/fullscreen'
(19, 12);'https://giphy.com/gifs/christmas-party-the-office-fDySi0lYLzCZa/fullscreen'
(20, 12);'https://giphy.com/gifs/cats-transport-13borq7Zo2kulO/fullscreen'
(21, 12);'https://giphy.com/gifs/smile-grinch-maniacal-x7gjmBuaHrWak/fullscreen'
(22, 12);'https://giphy.com/gifs/giphystudios-3oxHQoWXgbM4NiEDQc/fullscreen'
(23, 12);'https://www.youtube.com/watch?v=eJc6-DgaQa0'
(24, 12);'https://giphy.com/gifs/friends-text-post-happy-christmas-eve-RiDMCK2xaeugo/fullscreen'
(25, 12);'https://giphy.com/gifs/deadpool-deadpooledit-deadhpool-zjuQ864FQepZC/fullscreen'
